{
  "input_info": {
    "n_samples": 18,
    "embedding_dim": 17,
    "n_domains": 6,
    "domains": [
      "rotten",
      "ag_news",
      "amazon",
      "tweet",
      "imdb",
      "sst2"
    ]
  },
  "fiber_bundle": {
    "results": [
      [
        0,
        "Reject"
      ],
      [
        1,
        "Reject"
      ],
      [
        2,
        "Reject"
      ],
      [
        3,
        "Reject"
      ],
      [
        4,
        "Reject"
      ],
      [
        5,
        "Reject"
      ],
      [
        6,
        "Reject"
      ],
      [
        7,
        "Reject"
      ],
      [
        8,
        "Reject"
      ],
      [
        9,
        "Reject"
      ],
      [
        10,
        "Fail to Reject"
      ],
      [
        11,
        "Reject"
      ],
      [
        12,
        "Reject"
      ],
      [
        13,
        "Fail to Reject"
      ],
      [
        14,
        "Reject"
      ],
      [
        15,
        "Reject"
      ],
      [
        16,
        "Reject"
      ],
      [
        17,
        "Reject"
      ]
    ],
    "dimensions": [
      [
        0.6555466247636744,
        5.627661818538169
      ],
      [
        0.7139608681961439,
        4.935450018867474
      ],
      [
        0.0,
        3.09921022369757
      ],
      [
        0.0,
        5.385995783284216
      ],
      [
        0.0,
        4.855668914664906
      ],
      [
        0.0,
        8.298766481511718
      ],
      [
        0.0,
        3.1071733551551026
      ],
      [
        0.0,
        2.6809413799487896
      ],
      [
        0.0,
        2.531689873780253
      ],
      [
        0.0,
        3.637163880653801
      ],
      [
        null,
        null
      ],
      [
        0.0,
        4.57972928214726
      ],
      [
        0.0,
        4.565950515748301
      ],
      [
        null,
        null
      ],
      [
        0.0,
        5.9310236465619885
      ],
      [
        0.0,
        2.7722203605440043
      ],
      [
        0.0,
        2.4235367465980073
      ],
      [
        0.0,
        2.607572984040571
      ]
    ],
    "raw_p_values": [
      0.006949972901542905,
      0.004859793776510999,
      0.0029859121955338437,
      0.0018488261498434137,
      0.004899840231226526,
      0.001658898249729505,
      0.00046923957942171095,
      0.00017724952648583592,
      0.005421266899053043,
      0.00826161112636473,
      0.008261611126364738,
      0.0041766533796002165,
      0.008710066347782035,
      0.00871006634778206,
      0.008710066347782035,
      0.005592261457122499,
      0.003384035309879762,
      0.0025796383191360292,
      0.008506431213929452,
      0.004189475953401202,
      0.001914994066085674,
      0.0015035755042499875,
      0.0015035755042499875,
      0.001172689458366546,
      0.0007095364209864681,
      0.006350593968885104,
      0.004830785763857123,
      0.0017615067887697098,
      0.00046039138029792595,
      0.0017966467829327241,
      0.005339579031884811,
      0.004952011532374771,
      0.0019672627031732575,
      0.000524854255734435,
      9.542424111145601e-05,
      2.1948318422480895e-05,
      8.079929623270873e-07,
      2.8584431446316204e-05,
      0.0036859984910479733,
      0.009464801319847208,
      0.004242103908321547,
      0.005961655398846637,
      0.002016343093461212,
      0.0007413760616145464,
      0.0004895776398339294,
      0.0003072082135392686,
      0.00030720821353926776,
      0.0033614532218150485,
      0.004664763692978037,
      0.0015954944082746132,
      0.0015954944082746132,
      0.0015954944082746132,
      0.0010778189080953066,
      0.0003713400179338268,
      0.002499942344723996,
      0.006927362725012189,
      0.0038620036509097702,
      0.009763757251287256,
      0.0036219278413812143,
      0.001663707437983795,
      0.0004242386732064728,
      7.192863346030608e-05,
      2.3682857909839294e-05,
      9.826432831324615e-07,
      3.2344396704122176e-05,
      0.0067652971663149895,
      0.009599495402554196,
      0.009599495402554196,
      0.004175786910434988,
      0.0017866751302398592,
      0.0004974762283971193,
      0.0023447005641646684,
      0.006419924975484371,
      0.004335475890395864,
      0.001416588466021752,
      0.000604283974493292,
      0.002929628949736691
    ],
    "corrected_p_values": [
      0.12109782040261464,
      0.12109782040261464,
      0.10546664219052088,
      0.08137021482200527,
      0.12109782040261464,
      0.08137021482200527,
      0.02956209350356779,
      0.012230217327522679,
      0.12109782040261464,
      0.12109782040261464,
      0.12109782040261464,
      0.12109782040261464,
      0.12109782040261464,
      0.12109782040261464,
      0.12109782040261464,
      0.12109782040261464,
      0.11428940954171164,
      0.09544661780803308,
      0.12109782040261464,
      0.12109782040261464,
      0.08137021482200527,
      0.07968950172524934,
      0.07968950172524934,
      0.06449792021016003,
      0.04115311241721515,
      0.12109782040261464,
      0.12109782040261464,
      0.08137021482200527,
      0.02946504833906726,
      0.08137021482200527,
      0.12109782040261464,
      0.12109782040261464,
      0.08137021482200527,
      0.0314912553440661,
      0.00667969687780192,
      0.001646123881686067,
      6.221545809918573e-05,
      0.002086663495581083,
      0.11590169092419886,
      0.12109782040261464,
      0.12109782040261464,
      0.12109782040261464,
      0.08137021482200527,
      0.042258435512029145,
      0.030353813669703623,
      0.020890158520670207,
      0.020890158520670207,
      0.11428940954171164,
      0.12109782040261464,
      0.08137021482200527,
      0.08137021482200527,
      0.08137021482200527,
      0.060357858853337165,
      0.02450844118363257,
      0.09499780909951185,
      0.12109782040261464,
      0.11590169092419886,
      0.12109782040261464,
      0.11590169092419886,
      0.08137021482200527,
      0.027575513758420732,
      0.005106932975681731,
      0.0017525314853281077,
      7.468088951806707e-05,
      0.0023287965626967964,
      0.12109782040261464,
      0.12109782040261464,
      0.12109782040261464,
      0.12109782040261464,
      0.08137021482200527,
      0.030353813669703623,
      0.09144332200242207,
      0.12109782040261464,
      0.12109782040261464,
      0.07649577716517461,
      0.03565275449510423,
      0.10546664219052088
    ],
    "total_rejections": 16,
    "total_tokens": 18,
    "rejection_rate": 0.8888888888888888,
    "parameters": {
      "r_min": 0.01,
      "r_max": 25.0,
      "n_r": 200,
      "alpha": 0.01,
      "window_size": 12
    }
  },
  "clustering": {
    "labels": [
      2,
      2,
      0,
      4,
      0,
      1,
      0,
      0,
      0,
      4,
      1,
      1,
      0,
      4,
      1,
      3,
      3,
      3
    ],
    "n_clusters_found": 5,
    "method": "kmeans",
    "metrics": {
      "silhouette_score": 0.15501374006271362,
      "davies_bouldin_score": 1.4353285565707088,
      "calinski_harabasz_score": 3.8011620793911707
    },
    "cluster_sizes": [
      6,
      4,
      2,
      3,
      3
    ]
  },
  "dimensionality": {
    "overall_intrinsic_dimension": 5,
    "stratum_dimensions": {
      "0": 3,
      "1": 2,
      "2": 1,
      "3": 2,
      "4": 2
    },
    "dimension_variance": 0.4,
    "dimension_range": [
      1,
      3
    ]
  },
  "domain_analysis": {
    "contingency_table": {
      "0": {
        "ag_news": 0,
        "amazon": 3,
        "imdb": 1,
        "rotten": 1,
        "sst2": 0,
        "tweet": 1
      },
      "1": {
        "ag_news": 0,
        "amazon": 0,
        "imdb": 0,
        "rotten": 1,
        "sst2": 2,
        "tweet": 1
      },
      "2": {
        "ag_news": 0,
        "amazon": 0,
        "imdb": 2,
        "rotten": 0,
        "sst2": 0,
        "tweet": 0
      },
      "3": {
        "ag_news": 3,